<?xml version="1.0"?>
<!--<!DOCTYPE metadata SYSTEM "http://www.esri.com/metadata/esriprof80.dtd">-->
<metadata xml:lang="fr"><Esri><CreaDate>20120531</CreaDate><CreaTime>01062200</CreaTime><SyncOnce>TRUE</SyncOnce><MetaID>{FFD72838-6AE6-4F1F-9879-7C838933FDE4}</MetaID></Esri><idinfo><citation><citeinfo><onlink Sync="TRUE">\\SIG-002\GIS\PROJETS\USAID\DONNEES\SHAPES\ADMIN\sn_admi04_pol</onlink></citeinfo></citation></idinfo><distInfo><distributor><distorTran><onLineSrc><linkage Sync="TRUE">file://\\SIG-002\GIS\PROJETS\USAID\DONNEES\SHAPES\ADMIN\sn_admi04_pol</linkage><protocol Sync="TRUE">Local Area Network</protocol></onLineSrc></distorTran></distributor></distInfo><dataqual><lineage><procstep><procdesc Sync="TRUE">Dataset copied.</procdesc><srcused Sync="TRUE">D:\GIS\PROJETS\USAID\STAGING\sn_admi04_pol</srcused><procdate Sync="TRUE">20120531</procdate><proctime Sync="TRUE">01062200</proctime></procstep></lineage></dataqual></metadata>
